<?xml version="1.0" encoding="UTF-8"?>
<project-private xmlns="http://www.netbeans.org/ns/project-private/1">
    <data xmlns="http://www.netbeans.org/ns/make-project-private/1">
        <activeConfTypeElem>1</activeConfTypeElem>
        <activeConfIndexElem>0</activeConfIndexElem>
    </data>
    <editor-bookmarks xmlns="http://www.netbeans.org/ns/editor-bookmarks/2" lastBookmarkId="0"/>
    <open-files xmlns="http://www.netbeans.org/ns/projectui-open-files/2">
        <group name="17a">
            <file>file:/C:/Users/tgust/OneDrive/Documents/NetBeansProjects/17a/Gustafson_BattleShips_Final/BaseGame.h</file>
            <file>file:/C:/Users/tgust/OneDrive/Documents/NetBeansProjects/17a/Gustafson_BattleShips_Final/Board.h</file>
            <file>file:/C:/Users/tgust/OneDrive/Documents/NetBeansProjects/17a/Gustafson_BattleShips_Final/BaseGame.cpp</file>
            <file>file:/C:/Users/tgust/OneDrive/Documents/NetBeansProjects/17a/Gustafson_BattleShips_Final/Player.h</file>
            <file>file:/C:/Users/tgust/OneDrive/Documents/NetBeansProjects/17a/Gustafson_BattleShips_Final/BoardSpace.h</file>
            <file>file:/C:/Users/tgust/OneDrive/Documents/NetBeansProjects/17a/Gustafson_BattleShips_Final/EnhancedGame.cpp</file>
            <file>file:/C:/Users/tgust/OneDrive/Documents/NetBeansProjects/17a/Gustafson_BattleShips_Final/Player.cpp</file>
            <file>file:/C:/Users/tgust/OneDrive/Documents/NetBeansProjects/17a/Gustafson_BattleShips_Final/main.cpp</file>
            <file>file:/C:/Users/tgust/OneDrive/Documents/NetBeansProjects/17a/Gustafson_BattleShips_Final/EnhancedGame.h</file>
            <file>file:/C:/Users/tgust/OneDrive/Documents/NetBeansProjects/17a/Gustafson_BattleShips_Final/Board.cpp</file>
        </group>
    </open-files>
</project-private>
